"","lon","lat","id"
"1",-87.7152525532732,41.9209603647686,"17031221000"
"2",-87.7103608721078,41.9210204879521,"17031221100"
"3",-87.6903236862061,41.8926320016676,"17031242800"
"4",-87.6842896335513,41.8921954749149,"17031242900"
"5",-87.6793981390144,41.8922753212663,"17031243000"
"6",-87.6745067505326,41.8923546036463,"17031243100"
"7",-87.6696237587936,41.892432683648,"17031243200"
"8",-87.6647387828878,41.8924781142875,"17031243300"
"9",-87.6598540367779,41.8925660053357,"17031243400"
"10",-87.6294058994409,41.9221531769639,"17031071400"
"11",-87.7726113766196,41.9729536370359,"17031110400"
"12",-87.7717578317625,41.9494730616355,"17031150600"
"13",-87.7619580277137,41.9495915304804,"17031150700"
"14",-87.7521181643318,41.9497085786398,"17031150800"
"15",-87.8300331903551,41.8118790225087,"17031819200"
"16",-87.6619214594186,41.4818613065075,"17031829402"
"17",-87.8595374598224,41.9160826970651,"17031811302"
"18",-87.943246868987,42.0716670411464,"17031802802"
"19",-87.597355233647,41.4948620781739,"17031829700"
"20",-87.7705236081186,41.513703058329,"17031830003"
"21",-87.8082530453487,41.7188042958246,"17031823703"
"22",-87.6843362337209,41.5425866208194,"17031829800"
"23",-88.0535934846252,41.9961182198605,"17031804607"
"24",-87.8388500947856,41.6687130513142,"17031823901"
"25",-88.0879699177012,42.0379261759719,"17031804709"
"26",-87.6600154762276,41.637364668673,"17031826800"
"27",-87.6611056969799,41.7540484536114,"17031710300"
"28",-87.6979153097544,41.5930051175725,"17031825600"
"29",-87.7174955403833,41.9428558823217,"17031831100"
"30",-87.7880067139977,41.9275949892279,"17031831500"
"31",-87.7976147512021,41.9256104939695,"17031831600"
"32",-87.7322599801522,41.9153213630623,"17031831200"
"33",-87.6769966373306,41.9147981026164,"17031831000"
"34",-87.722748898498,41.8679365394178,"17031843000"
"35",-87.7007123685841,41.8607499536559,"17031843100"
"36",-87.6729371364782,41.8631389394177,"17031842900"
"37",-87.6967541587226,41.8382166582917,"17031843500"
"38",-87.6251701768445,41.8349600381545,"17031842000"
"39",-88.1800997978813,42.0073191829477,"17031804508"
"40",-87.81686044047,41.9705559982026,"17031770901"
"41",-87.6922564855597,41.915741118827,"17031832400"
"42",-87.6619348569719,41.8741750671583,"17031832900"
"43",-87.6818812695494,41.832097039794,"17031840300"
"44",-87.8243548933044,41.687361795239,"17031823805"
"45",-87.7008236262901,41.8678232919979,"17031838600"
"46",-87.61924862464,41.8274428317628,"17031839600"
"47",-87.6567361019881,41.772298624015,"17031834900"
"48",-87.6583978876946,41.9854762326797,"17031030603"
"49",-87.6799745595802,41.9204799227179,"17031832200"
"50",-87.7021746582086,41.8917040866903,"17031836700"
"51",-87.7138625097215,41.885044867347,"17031836800"
"52",-87.7088058672008,41.8986972714539,"17031836600"
"53",-87.6572488317539,41.8852862503942,"17031833000"
"54",-87.6232157263476,41.7769505697029,"17031842500"
"55",-87.5994203302076,41.7663062507706,"17031841800"
"56",-87.7509001120579,41.7859812577443,"17031980100"
"57",-87.6983043850931,41.8075339265106,"17031842800"
"58",-87.640475574952,41.8016565926922,"17031843800"
"59",-87.6173931074208,41.848444841006,"17031841000"
"60",-87.583606882786,41.7555676324838,"17031834200"
"61",-87.6497921781586,41.9048776856133,"17031842200"
"62",-87.6806521428415,41.8773665995749,"17031838000"
"63",-87.6727257140767,42.0090199406648,"17031010702"
"64",-87.6631261619167,42.000320703711,"17031010503"
"65",-87.6633273052164,42.0045172899098,"17031010502"
"66",-87.6786204408813,42.0091482000577,"17031010701"
"67",-87.6786841180029,41.994258503633,"17031020902"
"68",-87.6949634131532,42.0085406224338,"17031020302"
"69",-87.7018024728699,42.0008745823885,"17031020601"
"70",-87.7051864882731,42.0068651031282,"17031020301"
"71",-87.8441355522973,41.9753408388058,"17031760803"
"72",-87.632165963321,41.6742779791177,"17031530501"
"73",-87.6375139758567,41.6635647480583,"17031530503"
"74",-87.7299916336982,41.7749275343811,"17031650301"
"75",-87.71773314807,41.7750930973548,"17031650302"
"76",-87.6266737898482,41.6648047761737,"17031530502"
"77",-88.017864935447,42.1478318910905,"17031803611"
"78",-87.7442595578672,41.9077661775485,"17031831300"
"79",-87.7560883522148,41.8691188114006,"17031831400"
"80",-87.6986738735028,41.8783232837306,"17031837000"
"81",-87.6300706101701,41.7424257681339,"17031842400"
"82",-87.6532413535521,41.9528214797905,"17031832100"
"83",-87.6946305981745,41.99405920971,"17031020802"
"84",-87.7048939420016,41.9941256289201,"17031020702"
"85",-87.6944148717528,41.9868081349975,"17031020801"
"86",-87.6940960099502,41.9798548915309,"17031040202"
"87",-87.694000507454,41.9725804330767,"17031040201"
"88",-87.6788180611366,41.9725449712386,"17031040402"
"89",-87.6524342643789,41.9672885583851,"17031031501"
"90",-87.6262120435997,41.8991537817929,"17031081201"
"91",-87.643023946504,41.9345407184064,"17031063301"
"92",-87.6162676621309,41.6960581524163,"17031490901"
"93",-87.6153262482853,41.7032800881636,"17031490902"
"94",-87.7350508953469,41.8416596595002,"17031301801"
"95",-87.7317116754676,41.7456224626777,"17031700301"
"96",-87.7195244002208,41.83880618714,"17031301702"
"97",-87.7120354885719,41.7455371552905,"17031700401"
"98",-88.0087907807529,42.1498523443023,"17031803612"
"99",-88.0541459618054,42.1056861487718,"17031803702"
"100",-88.0899484464082,42.0535226794419,"17031804713"
"101",-88.1575722596637,42.0125736978525,"17031804309"
"102",-88.1525557489175,42.0000406338298,"17031804510"
"103",-87.6987203778023,41.8856735842778,"17031837100"
"104",-87.6938012522895,41.8759745030303,"17031837400"
"105",-87.684127221498,41.8847503631703,"17031837800"
"106",-87.8240396535617,41.8449683946635,"17031815600"
"107",-87.858439099807,41.8543591579956,"17031818000"
"108",-87.8200597488149,41.8876728935713,"17031812000"
"109",-87.600614422268,41.8282730988586,"17031836500"
"110",-87.5760191559468,41.7765908153497,"17031843900"
"111",-87.7055523905611,41.8716190646458,"17031837300"
"112",-87.7079132075803,41.8616224376989,"17031841500"
"113",-87.7201851068779,41.8625774975881,"17031838700"
"114",-87.7819638623588,41.9644762143811,"17031150501"
"115",-87.7722648049455,41.9645676041497,"17031150401"
"116",-87.7818413535943,41.9567784234447,"17031150502"
"117",-87.7598523341509,41.9702865406694,"17031110502"
"118",-87.7720436079899,41.9567979297896,"17031150402"
"119",-87.7237560628257,41.9724937891133,"17031140302"
"120",-87.7231695064232,41.9692055473918,"17031140301"
"121",-87.731306433079,41.738365188582,"17031700302"
"122",-87.6994961616985,41.8199859824611,"17031580501"
"123",-87.6993102174748,41.8145617058676,"17031580502"
"124",-87.6579015568572,41.7268624972674,"17031730201"
"125",-87.7277591632829,41.8451846013562,"17031301802"
"126",-87.6014511915113,41.7486270774157,"17031440101"
"127",-87.719625388895,41.8424805461203,"17031301701"
"128",-88.1651207689475,42.0044137663688,"17031804509"
"129",-88.1522087290334,41.9922655010565,"17031804511"
"130",-88.0446067281832,42.0315791334812,"17031804609"
"131",-88.0706135681515,42.0353357556657,"17031804608"
"132",-87.8888916817124,42.037610042521,"17031806202"
"133",-87.632745751836,41.881027964202,"17031839100"
"134",-87.6570458653036,41.8790777763975,"17031833100"
"135",-87.6716928491265,41.8786700350898,"17031838100"
"136",-87.6541237185389,41.8716944768721,"17031833300"
"137",-87.6751259528059,41.8704148678219,"17031838200"
"138",-87.7135752873482,41.9635482116968,"17031140702"
"139",-87.721016580977,41.9646520390919,"17031140602"
"140",-87.712652426622,41.967037499637,"17031140701"
"141",-87.7130876471629,41.9555841216613,"17031160502"
"142",-87.7001738014903,41.956571871474,"17031160602"
"143",-87.7471553855759,41.94249173734,"17031151002"
"144",-87.7543526961431,41.9423826034368,"17031151001"
"145",-87.5627859190429,41.7583854526879,"17031431302"
"146",-87.5573878679336,41.7470839995753,"17031460302"
"147",-87.5563673207247,41.7400263506658,"17031460301"
"148",-87.6903423318672,41.7462132755998,"17031700501"
"149",-87.6887682683066,41.7388521582938,"17031700502"
"150",-87.7122139868856,41.937635646475,"17031210601"
"151",-87.801540699745,41.8967467624398,"17031812302"
"152",-87.7971766647773,41.8832889645976,"17031812802"
"153",-87.802414657414,41.8831877890129,"17031812801"
"154",-87.7984588567542,41.8891476669283,"17031812301"
"155",-87.7539886486414,41.8479746222294,"17031813802"
"156",-87.7541950767857,41.854883295635,"17031813701"
"157",-87.8433942598412,41.7543446755498,"17031820603"
"158",-87.635108286254,41.8509933864921,"17031841100"
"159",-87.6493167528197,41.8447052053467,"17031840200"
"160",-87.6830175623904,41.8440769193729,"17031841300"
"161",-87.6942665571284,41.8529302107872,"17031840700"
"162",-87.704181855461,41.8531301636769,"17031841700"
"163",-87.7707370656729,41.92756036304,"17031190602"
"164",-87.7809523624358,41.9347276482064,"17031190401"
"165",-87.7610395488812,41.9261630560086,"17031190702"
"166",-87.7705333664975,41.9202288695897,"17031191302"
"167",-87.780460606595,41.9274145868174,"17031190601"
"168",-87.7802654514239,41.9201521516323,"17031191301"
"169",-87.7296789460609,41.9196348150106,"17031200402"
"170",-87.7375419022136,41.9198284692517,"17031200401"
"171",-87.7218357320129,41.9227112063751,"17031220902"
"172",-87.7223301435158,41.9374013115665,"17031210501"
"173",-87.703293576625,41.9593980053893,"17031160601"
"174",-87.6434678924889,41.9432305188788,"17031061901"
"175",-87.7073709881513,41.8408329439,"17031840800"
"176",-87.6578707686461,41.9788748530228,"17031030703"
"177",-87.6098541032148,41.8921424856031,"17031081403"
"178",-87.6545286013965,41.9808148168054,"17031030702"
"179",-87.601163618364,41.740935603283,"17031440102"
"180",-87.6097620386401,41.7409598639544,"17031440202"
"181",-87.9016915308118,41.6223122619516,"17031824113"
"182",-87.8039866942073,41.5736084721827,"17031825304"
"183",-87.9952320101908,42.143282436662,"17031803012"
"184",-87.9319458016969,42.0988769130316,"17031802607"
"185",-87.7239513336323,41.8300655439435,"17031830500"
"186",-87.6392029873336,41.8418308387819,"17031840100"
"187",-87.6675259388101,41.8338265560625,"17031840400"
"188",-87.6220362342653,41.8420108348369,"17031839200"
"189",-87.6325394990536,41.8163540389801,"17031835500"
"190",-88.2441212273274,42.0422884476228,"17031804404"
"191",-87.77123176922,41.9348596019547,"17031190402"
"192",-87.56018711023,41.7535302048996,"17031431301"
"193",-87.7612253379512,41.4807727450291,"17031830008"
"194",-87.6294320313304,41.7273938198191,"17031834000"
"195",-87.5478528155594,41.7318773172082,"17031833900"
"196",-88.1276102743082,41.9964493417685,"17031804804"
"197",-87.6527656395268,41.9859449234492,"17031030604"
"198",-87.6523655912381,41.9636326495194,"17031031502"
"199",-87.6089326614895,41.8929758873413,"17031081402"
"200",-87.6310051048623,41.9094975617452,"17031080201"
"201",-87.8472156158254,41.9578298070998,"17031760802"
"202",-87.7258908668411,41.9646471292542,"17031140601"
"203",-87.6422020418818,41.9305827905489,"17031070102"
"204",-87.7220524377084,41.933784640209,"17031210502"
"205",-87.8369993814175,41.8315471466831,"17031815800"
"206",-87.8097247229763,41.8832372953778,"17031815900"
"207",-87.816347345151,41.8763759343794,"17031816000"
"208",-87.8408289980005,41.9036197386262,"17031816200"
"209",-87.7748334171144,41.595293277545,"17031824507"
"210",-87.7384991229503,41.6174075655696,"17031824602"
"211",-87.7186500336106,41.6281715753769,"17031824701"
"212",-87.7084844336844,41.6219896296519,"17031824702"
"213",-87.7272360126654,41.5967062270282,"17031825200"
"214",-87.681993361602,41.9833304570885,"17031040100"
"215",-87.701974758455,41.9768011299517,"17031040300"
"216",-87.8577095359297,41.9042500807865,"17031816300"
"217",-87.8603345921201,41.8955765182801,"17031816401"
"218",-87.8509819743314,41.8943836935016,"17031816402"
"219",-87.8808407849269,41.9032162730792,"17031816600"
"220",-87.8963779198447,41.9045704640805,"17031816700"
"221",-87.6846102066974,41.5714080729819,"17031825503"
"222",-87.7040282268463,41.5644164910154,"17031825504"
"223",-87.7330729414247,41.5643364127658,"17031825505"
"224",-87.5447030095446,41.6375379782464,"17031825700"
"225",-87.6827042683564,42.0654874969383,"17031808800"
"226",-87.6768980083039,41.7976329002824,"17031611600"
"227",-87.6320356300215,41.8418857270251,"17031340400"
"228",-87.9119066951506,41.8914373356546,"17031816800"
"229",-87.869419723711,41.9854356384367,"17031770700"
"230",-87.9024646191752,42.0479476453497,"17031806102"
"231",-87.5592324010339,41.7651433963063,"17031430700"
"232",-87.790001837034,42.0113033461392,"17031808100"
"233",-88.0829772093414,42.0161512274195,"17031804810"
"234",-87.7735987527587,42.0472354645331,"17031808500"
"235",-87.7704909444881,42.1351901582322,"17031800200"
"236",-87.7438009842238,41.9192296961446,"17031191000"
"237",-87.7406143654933,41.8040061852689,"17031560400"
"238",-87.656884006976,41.7471100027282,"17031710700"
"239",-87.5353329683113,41.6650625125842,"17031550100"
"240",-87.6592023495267,41.869578998185,"17031283200"
"241",-87.8197314288382,41.9780453062369,"17031100500"
"242",-87.858923843704,42.0894169780589,"17031801607"
"243",-88.0500926505684,42.0879204341099,"17031804106"
"244",-87.8682203476483,42.116241497937,"17031801606"
"245",-87.6851323922165,41.8786260889703,"17031280900"
"246",-87.7122520343444,41.8407571552715,"17031301600"
"247",-87.628330155049,41.7179734300555,"17031490600"
"248",-87.6283617442128,41.7107338878908,"17031490700"
"249",-87.6153468516897,41.7106901599035,"17031490800"
"250",-87.628053596456,41.6997625274546,"17031491000"
"251",-87.6376993802513,41.6997530457638,"17031491100"
"252",-87.6323954036122,41.6815612387098,"17031530200"
"253",-87.6517524197472,41.6813143502164,"17031530300"
"254",-87.6515267248526,41.6740396604733,"17031530400"
"255",-87.6189952324426,41.6703907670671,"17031530600"
"256",-87.7412729881989,41.8153379612358,"17031560100"
"257",-87.6620626521553,41.7904247385394,"17031670200"
"258",-87.6669166959497,41.7903575770791,"17031670300"
"259",-87.6717697722472,41.7902996192501,"17031670400"
"260",-87.702663586487,41.7607863795003,"17031661100"
"261",-87.6572083506356,41.7904936806905,"17031670100"
"262",-87.6715771960459,41.7830054468617,"17031670600"
"263",-87.6667314584457,41.7830685587245,"17031670700"
"264",-87.6618790103957,41.7831441707655,"17031670800"
"265",-87.6570220027911,41.783212354972,"17031670900"
"266",-87.916647906692,42.0843917085009,"17031802701"
"267",-87.9076153685451,42.0742532665947,"17031802702"
"268",-87.7228141469295,41.8710297147746,"17031260900"
"269",-87.7320093523533,41.8713378703635,"17031261000"
"270",-87.6426203477621,41.879247735287,"17031281900"
"271",-87.6442090649616,41.8563100040081,"17031310200"
"272",-87.6489782417703,41.8561438992648,"17031310300"
"273",-87.652261278897,41.8565068686488,"17031310400"
"274",-87.654739960991,41.855248020485,"17031310500"
"275",-87.6374382806054,41.6887764507718,"17031491200"
"276",-87.6278035850717,41.6888968666584,"17031491300"
"277",-87.6168214797569,41.6891232006663,"17031491400"
"278",-87.5950287432566,41.7146839439708,"17031500100"
"279",-87.600308634992,41.7008551725125,"17031500200"
"280",-87.6053697648247,41.6893150317414,"17031500300"
"281",-87.747827283416,41.8113309329226,"17031560200"
"282",-87.7479870429265,41.8039075084807,"17031560300"
"283",-87.7575201844099,41.7964626134972,"17031560700"
"284",-87.7721659358906,41.7962056104125,"17031560800"
"285",-87.7916514263355,41.7957701536249,"17031560900"
"286",-87.7915032715391,41.7885021487931,"17031561000"
"287",-87.8269038445281,42.1244644604937,"17031801702"
"288",-87.6665393371214,42.0159431289957,"17031010300"
"289",-87.6571663586759,42.0054397953818,"17031010400"
"290",-87.6676829953345,42.0062773524507,"17031010600"
"291",-87.6871169075528,42.015721010297,"17031020100"
"292",-87.6889008727944,41.878596745059,"17031280800"
"293",-87.5986970141554,41.7832240639097,"17031420300"
"294",-87.8726343788322,42.0030878274004,"17031806600"
"295",-87.8782772935635,42.016516359187,"17031806502"
"296",-87.8472073366019,42.0329108863962,"17031805902"
"297",-87.794258919251,41.9957734258976,"17031100200"
"298",-88.1290842629488,42.0200705478577,"17031804805"
"299",-87.6995191423103,42.0156903100799,"17031020200"
"300",-88.1306237677673,42.1078682414058,"17031804202"
"301",-88.1534872195493,42.0545559960296,"17031804701"
"302",-88.0248768892003,42.1291604113001,"17031803605"
"303",-87.7360662026433,41.9808497103543,"17031130200"
"304",-88.174008473183,42.0219819246114,"17031804306"
"305",-87.6859118333466,42.0084879886094,"17031020400"
"306",-87.6309009600107,41.9058589222193,"17031080202"
"307",-87.670181616167,41.9124416639521,"17031240200"
"308",-87.8374921696802,41.6378233156889,"17031824105"
"309",-87.6671137747783,41.7976477281261,"17031611800"
"310",-87.671517464992,41.9579036343447,"17031060200"
"311",-87.7046498893898,41.9210830729914,"17031221200"
"312",-87.6154440111683,41.6301134343962,"17031826500"
"313",-87.757405930075,41.5811668487146,"17031825302"
"314",-87.8133107997251,41.6084179655896,"17031824107"
"315",-87.6918876709407,41.4920555682425,"17031830202"
"316",-87.6616426943753,41.9490599063094,"17031061200"
"317",-87.7973221392494,42.0264200378395,"17031808200"
"318",-87.6652300078135,41.9944414377042,"17031030200"
"319",-87.6725347891137,41.9943874869138,"17031030300"
"320",-87.6720788084244,41.986951534216,"17031030400"
"321",-87.6714454434923,41.9797950985876,"17031030900"
"322",-87.6711093516842,41.9724370038191,"17031031000"
"323",-87.711158788519,41.6500704333451,"17031823603"
"324",-87.90383806798,41.9802795877759,"17031980000"
"325",-87.788471709139,41.7229414757001,"17031822400"
"326",-87.8192229764376,41.8278812638225,"17031815702"
"327",-87.6555815935061,41.8423851960455,"17031600600"
"328",-87.8449998122789,41.8587760373495,"17031817900"
"329",-87.8189279237666,41.9008459058489,"17031811900"
"330",-87.6132776937374,41.7830134820581,"17031420600"
"331",-87.76967292549,41.9874755438955,"17031110100"
"332",-87.6405209543926,41.9625702327281,"17031031400"
"333",-87.7118234058564,41.7382302046864,"17031700402"
"334",-87.687767672054,41.5023716653259,"17031830100"
"335",-87.7086238171439,41.4834317470777,"17031830201"
"336",-87.6810647022904,41.4838564264286,"17031830300"
"337",-87.691835336775,41.4749197822982,"17031830400"
"338",-87.7894754481475,41.883393405059,"17031812700"
"339",-87.6641880360159,41.9799122845478,"17031030800"
"340",-87.663866191972,41.9726684104906,"17031031100"
"341",-87.904600944815,41.9264468045013,"17031811702"
"342",-87.7798547491565,41.9025046645709,"17031812100"
"343",-87.7004231981246,41.7194985873856,"17031821800"
"344",-87.6969815794458,41.7122394750517,"17031821900"
"345",-87.7311337545405,41.7312484371129,"17031822000"
"346",-87.7456174644757,41.7241571853993,"17031822101"
"347",-87.6608608931714,41.5489585912958,"17031828601"
"348",-87.6447280971554,41.5478030536517,"17031828602"
"349",-87.6252652939043,41.5431383615827,"17031828701"
"350",-87.5990585489116,41.5378383427402,"17031828702"
"351",-87.7947696953097,41.7276936276176,"17031822900"
"352",-87.6054487779421,41.6673299314121,"17031540102"
"353",-87.6467853729818,41.9729097714254,"17031031300"
"354",-87.6701840534452,41.9633740142496,"17031031900"
"355",-87.775769698356,41.8581606351915,"17031813500"
"356",-87.764856433914,41.8540563380554,"17031813600"
"357",-87.7315013377881,41.7215520103445,"17031822102"
"358",-87.7590953088605,41.7272130420167,"17031822200"
"359",-87.7712608091842,41.7298542977886,"17031822301"
"360",-87.7740753817073,41.7171621968732,"17031822302"
"361",-87.7582830730776,41.717873892909,"17031822500"
"362",-87.6349520415883,41.5161623455359,"17031828900"
"363",-87.6427435886927,41.5321711378114,"17031828802"
"364",-87.7684910103794,41.8465009515589,"17031813900"
"365",-87.7538136449925,41.7089633449372,"17031822601"
"366",-87.7303269632916,41.7123761328546,"17031822701"
"367",-87.7305797457382,41.7056906206787,"17031822702"
"368",-87.7382048011469,41.6954002589128,"17031822801"
"369",-87.7694861917209,41.6960738928183,"17031823002"
"370",-87.775419215958,41.8453737503349,"17031814000"
"371",-87.7630429381357,41.8422802951312,"17031814100"
"372",-87.7456153144034,41.8356494378337,"17031814200"
"373",-87.7582501629677,41.8342002502951,"17031814300"
"374",-87.7635473621128,41.8276859804439,"17031814400"
"375",-87.7928456142921,41.690849772529,"17031823101"
"376",-87.7231142113539,41.6616415667582,"17031823302"
"377",-87.7279108902942,41.6777448379249,"17031823303"
"378",-87.6831791200722,41.6656032245447,"17031823500"
"379",-87.7745467775395,41.8302073395981,"17031814500"
"380",-87.785066494544,41.8616508154036,"17031814600"
"381",-87.7983381599876,41.849440561404,"17031814800"
"382",-87.7897933837531,41.853377697833,"17031814900"
"383",-87.7845852870617,41.8554310623192,"17031815000"
"384",-87.7855811707452,41.8475102273389,"17031815100"
"385",-87.7588654550658,41.6537490385716,"17031823602"
"386",-87.7884282438993,41.6578552312803,"17031823604"
"387",-87.7752954516587,41.6672677445438,"17031823605"
"388",-87.832093155563,41.7109981855151,"17031823702"
"389",-87.7129731619575,41.9592098423376,"17031160501"
"390",-87.7840492663641,41.8383063847095,"17031815200"
"391",-87.7953526228152,41.8393763577678,"17031815300"
"392",-87.7961910014307,41.8313703662469,"17031815400"
"393",-87.7877679341768,41.8251470756437,"17031815500"
"394",-87.8391700840329,41.7266563916359,"17031823704"
"395",-87.8261928232681,41.7244675280909,"17031823705"
"396",-87.6211977612457,41.8038481386573,"17031381800"
"397",-87.6138884830289,41.8039556744611,"17031381900"
"398",-87.5906303203645,41.8138433990278,"17031390100"
"399",-87.59947652794,41.8130409865075,"17031390200"
"400",-87.6042088999187,41.8132005637376,"17031390300"
"401",-87.604058188512,41.8059243435644,"17031390400"
"402",-87.5991987266089,41.8059781123091,"17031390500"
"403",-87.5943504093919,41.8060180710637,"17031390600"
"404",-87.5825383339776,41.8063836740288,"17031390700"
"405",-88.1389556110737,42.034727164433,"17031804711"
"406",-88.1363774986291,42.0086881365967,"17031804806"
"407",-88.1000249835458,42.0220151830936,"17031804808"
"408",-88.1012621366053,42.0110785487558,"17031804809"
"409",-87.7911157628611,41.8957738782453,"17031812400"
"410",-87.7806991953476,41.8913782745611,"17031812500"
"411",-87.619137267314,41.7326717567098,"17031440600"
"412",-87.6090057408282,41.728668990355,"17031440900"
"413",-87.6096293600176,41.7347514260254,"17031440700"
"414",-87.6033279777473,41.7317113674513,"17031440800"
"415",-87.8501198067114,41.8174472712379,"17031819300"
"416",-87.8498738535114,41.8100292094033,"17031819400"
"417",-87.8672572621575,41.8143022734906,"17031819500"
"418",-87.70863783183,41.7988619648695,"17031630300"
"419",-87.6890170610468,41.7974278518831,"17031630500"
"420",-87.6985724505542,41.7899652039486,"17031630800"
"421",-87.7083654942584,41.7898114308944,"17031630900"
"422",-87.7398607844822,41.7819195960889,"17031640100"
"423",-87.7716352781721,41.7815321230815,"17031640300"
"424",-87.8684176620197,41.805123274005,"17031819600"
"425",-87.6451102324077,41.6263396278387,"17031827000"
"426",-87.646360215302,41.6180623048379,"17031827100"
"427",-87.6268201196029,41.6118074418632,"17031827200"
"428",-87.6462204393191,41.609030588073,"17031827300"
"429",-87.6520282945899,41.6958345206238,"17031750100"
"430",-87.6714247455858,41.6956646583127,"17031750200"
"431",-87.6861725594104,41.6953910808431,"17031750300"
"432",-87.6850710477674,41.6856566395867,"17031750400"
"433",-87.671233445773,41.6846153681624,"17031750500"
"434",-87.9322202196966,42.0594171028934,"17031804901"
"435",-87.9309673573689,42.0446148210916,"17031804902"
"436",-87.951251589125,42.0564376611023,"17031805001"
"437",-87.950769273095,42.0423538804272,"17031805002"
"438",-87.8974038106404,41.8121921551976,"17031819801"
"439",-87.894905324344,41.7972016688674,"17031819802"
"440",-87.9071573232155,41.804180092885,"17031819900"
"441",-87.9139502292307,41.8014105870157,"17031820000"
"442",-87.6659520759409,41.6053741088302,"17031827400"
"443",-87.6641410716045,41.5920456696178,"17031827600"
"444",-87.6886812164357,41.8713667627709,"17031282700"
"445",-87.6849136321577,41.870268328541,"17031282800"
"446",-87.6131827951727,41.7931041129707,"17031400300"
"447",-87.6231791438025,41.7910414092206,"17031400500"
"448",-87.620558009924,41.7828632954181,"17031400800"
"449",-87.5793433603422,41.8015021467321,"17031410100"
"450",-87.6037422874451,41.7978308463636,"17031410500"
"451",-87.5989421512045,41.7979687198626,"17031410600"
"452",-87.5357286308982,41.7461464474508,"17031460100"
"453",-88.0151586013374,42.0596773624192,"17031805105"
"454",-87.6657555972604,41.5824274712208,"17031827700"
"455",-87.5904263607109,41.6007043426092,"17031827802"
"456",-87.5950871437021,41.5900892438826,"17031827804"
"457",-87.5790891524101,41.7419437882092,"17031450300"
"458",-87.5470100920758,41.7413871824931,"17031460200"
"459",-87.9982952071957,42.0608181046325,"17031805106"
"460",-87.9796983594237,42.0425606332283,"17031805107"
"461",-87.9675264555011,42.0440917219775,"17031805108"
"462",-87.7912474094906,41.7811783710968,"17031640400"
"463",-87.7909878768026,41.7756824776733,"17031640500"
"464",-87.7714298368714,41.7760362298821,"17031640600"
"465",-87.7519356232244,41.7764110544013,"17031640700"
"466",-87.7397422428614,41.7748241345248,"17031640800"
"467",-87.7178549257496,41.7823765771323,"17031650100"
"468",-87.730225192241,41.7822221301429,"17031650200"
"469",-87.8707053282223,41.9335763169712,"17031811401"
"470",-87.8832944253183,41.9159945648423,"17031811301"
"471",-87.6520493246889,41.6886312115495,"17031750600"
"472",-87.7796660660259,41.8835487347917,"17031812600"
"473",-87.9704676796889,42.1181132550532,"17031803008"
"474",-87.9744666054329,42.0628235236946,"17031805110"
"475",-87.943728452415,42.0312824292525,"17031805111"
"476",-87.9322770577488,42.0226798422915,"17031805112"
"477",-87.8307449184651,42.0608624266466,"17031805201"
"478",-87.807032766644,41.7919816138441,"17031820300"
"479",-87.8126322517376,41.7821075553214,"17031820400"
"480",-87.7530181237023,41.7539907119142,"17031820902"
"481",-87.7913612740928,41.7421719604331,"17031821001"
"482",-87.6010729751661,41.5839405975638,"17031827805"
"483",-87.5417611922642,41.5732305059852,"17031828000"
"484",-87.5356298545548,41.5634411292074,"17031828100"
"485",-87.5658530171634,41.5610697033824,"17031828202"
"486",-87.6640920115299,41.8692740851325,"17031283100"
"487",-87.6537547175223,41.8634168387497,"17031283800"
"488",-87.5941995557871,41.7980493079974,"17031410700"
"489",-87.5896247986613,41.7979614269811,"17031410800"
"490",-87.6234952442843,41.5103261120567,"17031829000"
"491",-87.5766615828027,41.7978755318477,"17031410900"
"492",-87.5768726477371,41.7907156069641,"17031411000"
"493",-87.5897008030027,41.7904551739693,"17031411100"
"494",-87.5940171137932,41.7905618329634,"17031411200"
"495",-87.5636922175328,41.7444902929211,"17031460400"
"496",-87.5726041026345,41.7468818660421,"17031460500"
"497",-87.5464854486906,41.7274248871789,"17031461000"
"498",-87.6483160492284,41.5092568879923,"17031829200"
"499",-87.6637779743119,41.5183780338901,"17031829301"
"500",-87.6662784649109,41.5049432367087,"17031829302"
"501",-87.6597612676421,41.4969456967759,"17031829401"
"502",-87.8147418713471,42.0596527433918,"17031805202"
"503",-87.8196521259395,42.0449739543933,"17031805301"
"504",-87.8134423133362,42.0497648917563,"17031805302"
"505",-87.8259769337218,42.0330766741223,"17031805401"
"506",-87.974591653875,42.0239589860281,"17031770400"
"507",-87.748817018778,42.1381511124253,"17031800100"
"508",-87.7551782773058,42.1130824669268,"17031800300"
"509",-87.7953121501878,41.8763225695704,"17031812900"
"510",-87.7806602467602,41.8763620839775,"17031813000"
"511",-87.7816187640863,41.869009700285,"17031813100"
"512",-87.7407480995444,42.1002316665718,"17031800500"
"513",-87.7621852694518,41.7382828943302,"17031821101"
"514",-87.749251114906,41.7429218334867,"17031821102"
"515",-87.668453957584,41.6542554557946,"17031821300"
"516",-87.7764294074279,41.7415272188266,"17031821002"
"517",-87.6651958321585,41.5679857012016,"17031828401"
"518",-87.6459054453072,41.568277487119,"17031828402"
"519",-87.5496299878981,41.4813216332556,"17031828504"
"520",-87.5773937853123,41.7834087319097,"17031420100"
"521",-87.5935207736444,41.7834680373462,"17031420200"
"522",-87.6035583604712,41.7831698679972,"17031420400"
"523",-87.6106932537907,41.7766914159726,"17031420700"
"524",-87.8113311678683,42.0297738405245,"17031805402"
"525",-87.8378985444234,42.019606530123,"17031805501"
"526",-87.6330429535855,41.4734290440967,"17031829600"
"527",-87.603256926106,41.7769097179524,"17031420800"
"528",-87.5964893626459,41.7282207338925,"17031470100"
"529",-87.5757291703159,41.7352409959021,"17031480100"
"530",-87.5898829080252,41.7351240883687,"17031480200"
"531",-87.5879724789539,41.7291940468706,"17031480300"
"532",-87.5756385111976,41.7284497872798,"17031480400"
"533",-87.823984854515,42.0171513292882,"17031805502"
"534",-87.8309176955572,42.0025082375449,"17031805600"
"535",-87.7704239513492,41.4953938257103,"17031830001"
"536",-87.7286717758578,41.4997144861754,"17031830006"
"537",-87.7171651050151,41.7653117600456,"17031650400"
"538",-87.7320352067956,41.7622187198108,"17031650500"
"539",-87.7080440755907,41.7825320769723,"17031660400"
"540",-87.7143338683666,42.0887818321989,"17031800600"
"541",-87.7348643672786,42.0723091941466,"17031801000"
"542",-87.714969738298,42.0751827770654,"17031801100"
"543",-87.6921130073905,42.084319622358,"17031801200"
"544",-87.8748227019338,41.9266487171826,"17031811402"
"545",-87.7666418749497,41.8609814463326,"17031813400"
"546",-87.7969688896487,41.8690616749592,"17031813200"
"547",-87.6578736483615,41.6662102281342,"17031821401"
"548",-87.846830027044,41.9920564434783,"17031805702"
"549",-87.8470148625259,42.014647232324,"17031805802"
"550",-87.6521851084101,41.6622934359816,"17031821402"
"551",-87.6993288637186,41.7300221151141,"17031821600"
"552",-87.7153548836931,41.7211742554357,"17031821700"
"553",-87.7324566926861,41.8624103248506,"17031290900"
"554",-87.7128745832188,41.8626611378314,"17031291200"
"555",-87.6089473887973,41.7706621410259,"17031421200"
"556",-87.8491465980404,42.0603599505827,"17031806001"
"557",-87.6970401553969,42.0741034567776,"17031801300"
"558",-87.7656006446164,42.0711418087704,"17031801400"
"559",-87.8778787191306,42.0871919463585,"17031801603"
"560",-87.8429419358203,42.126486709239,"17031801701"
"561",-87.8358213111681,42.0472521214806,"17031806004"
"562",-87.9023799177552,42.0379178841303,"17031806300"
"563",-87.8838743509858,42.0282411207308,"17031806400"
"564",-87.8910649571791,42.0157961066895,"17031806501"
"565",-87.7131559185796,41.8717861311873,"17031271500"
"566",-87.7157305652319,41.8566665105577,"17031292200"
"567",-87.7223991640514,41.8552397089141,"17031292400"
"568",-87.7322428327767,41.855161341049,"17031292500"
"569",-87.7228015798422,42.05280834069,"17031806700"
"570",-87.7395379064875,42.05638110303,"17031806801"
"571",-87.7397696094335,42.0443774441152,"17031806802"
"572",-87.7557143699229,42.0567649661243,"17031806900"
"573",-87.7555400337363,42.0444491558435,"17031807000"
"574",-87.8050601487119,42.0938317084841,"17031801901"
"575",-87.7833676532299,42.0865353821257,"17031801902"
"576",-87.8115442114507,42.0722616310283,"17031802100"
"577",-87.7881168943314,42.0729443226142,"17031802200"
"578",-87.6984896615176,41.8714963883608,"17031271800"
"579",-87.6428780867416,41.885395820899,"17031280100"
"580",-87.6718845715837,41.8860094258895,"17031280400"
"581",-87.7173343180259,41.8479904471614,"17031300600"
"582",-87.7124504026181,41.8480720290345,"17031300700"
"583",-87.6979733720668,41.8470290449595,"17031301100"
"584",-87.6914770640334,41.8484171173123,"17031301200"
"585",-87.5590910916091,41.7276001338213,"17031480500"
"586",-87.6131963784872,41.7179309131995,"17031490500"
"587",-87.5398104887114,41.7138156048179,"17031520200"
"588",-87.5395629440302,41.7011138943125,"17031520300"
"589",-87.5307028532673,41.7030079583119,"17031520400"
"590",-87.5308719171028,41.6931158028109,"17031520500"
"591",-87.5404000019913,41.6895203480134,"17031520600"
"592",-87.7079270973924,41.7752461207849,"17031660500"
"593",-87.6933405938143,41.7772872825275,"17031660600"
"594",-87.6810954581689,41.7738452122214,"17031660700"
"595",-87.6932655573172,41.7736412553974,"17031660800"
"596",-87.697998730466,41.7681043055716,"17031660900"
"597",-87.6850469084293,41.7618176677593,"17031661000"
"598",-87.8242138815217,42.0904796787402,"17031802300"
"599",-87.9094476789006,42.1464199763294,"17031802402"
"600",-87.9537744079133,42.131617895356,"17031802503"
"601",-87.9367549076647,42.1327901363997,"17031802504"
"602",-87.7617175165858,41.9422903089516,"17031151100"
"603",-87.7714953462384,41.9421689506495,"17031151200"
"604",-87.6709297977528,41.9083740114891,"17031241500"
"605",-87.6895800964787,41.9066402519317,"17031241100"
"606",-87.6653277214462,41.9067096581015,"17031241600"
"607",-87.6810249882297,41.9067715787688,"17031241300"
"608",-87.6753136740634,41.906031163918,"17031241400"
"609",-87.6525227259879,41.8926494329694,"17031243500"
"610",-87.7510729731202,41.9123508408524,"17031250200"
"611",-87.7608528413892,41.9128483071019,"17031250300"
"612",-87.7754057562575,41.912905010216,"17031250400"
"613",-87.7967959827195,41.9146180395184,"17031250500"
"614",-87.6267624490302,41.9149136783314,"17031071500"
"615",-87.6459659819687,41.9145854536947,"17031071800"
"616",-87.6267899781838,41.9075487238798,"17031080100"
"617",-87.6357987348294,41.9074898525496,"17031080300"
"618",-87.6409015463143,41.907412344354,"17031080400"
"619",-87.7427955999145,41.9646281526855,"17031160100"
"620",-87.7383980530405,41.9587930608336,"17031160200"
"621",-87.7308957648327,41.9572681413705,"17031160300"
"622",-87.7228238278032,41.9573657399309,"17031160400"
"623",-87.7020149493709,41.9504095750041,"17031160700"
"624",-87.6997540571875,41.9211256166595,"17031221300"
"625",-87.6899513252307,41.9216468412851,"17031221500"
"626",-87.6945319976067,41.9208012525386,"17031221400"
"627",-87.7706303086968,41.9056934520719,"17031250600"
"628",-87.7608127933792,41.9058206397216,"17031250700"
"629",-87.7514741433679,41.9061854787757,"17031250800"
"630",-87.7448924493273,41.8986944651685,"17031251000"
"631",-87.7520111677101,41.8986247700311,"17031251100"
"632",-87.6809904624696,41.9357489302142,"17031051400"
"633",-87.6666112101814,41.9575310702305,"17031060100"
"634",-87.6713326544961,41.9506049171095,"17031060300"
"635",-87.6437631521902,41.9538479587787,"17031060800"
"636",-87.7128145774923,41.950213099059,"17031160800"
"637",-87.7226082179257,41.9500820581234,"17031160900"
"638",-87.7306829056521,41.9499766379067,"17031161000"
"639",-87.7381550130193,41.9498800438989,"17031161100"
"640",-87.7385700738113,41.9425489095762,"17031161200"
"641",-87.731002309971,41.9426994068202,"17031161300"
"642",-87.7948168110838,41.9558595647295,"17031170100"
"643",-87.6850970768858,41.9212477706513,"17031221600"
"644",-87.6698374638692,41.8996698335743,"17031242100"
"645",-87.6649536487755,41.8997370903134,"17031242000"
"646",-87.7606039587633,41.8985490617635,"17031251200"
"647",-87.7703849283885,41.8984250681847,"17031251300"
"648",-87.6758395430599,41.9359971196319,"17031051300"
"649",-87.6607449690782,41.8408313592628,"17031600700"
"650",-87.6531427971242,41.8365129875186,"17031600900"
"651",-87.6722979177401,41.6683913541111,"17031821200"
"652",-87.6711281320527,41.7611983361348,"17031672000"
"653",-87.6396893467483,41.742146085031,"17031710900"
"654",-87.6485810666362,41.7396436226462,"17031711000"
"655",-87.6583001535897,41.7395016022857,"17031711100"
"656",-87.6698252184784,41.7405560926006,"17031711200"
"657",-87.6386887607071,41.7324401552274,"17031711500"
"658",-87.6672855377539,41.7335044172072,"17031711300"
"659",-87.65211677318,41.7336613495621,"17031711400"
"660",-87.7177931635711,41.876240213495,"17031270500"
"661",-87.7035621491389,41.8773596836195,"17031271200"
"662",-87.7084527890828,41.8773039707118,"17031271300"
"663",-87.713331368433,41.8772428677868,"17031271400"
"664",-87.6084205369592,41.8417493616269,"17031350100"
"665",-87.6283694947212,41.8419290609177,"17031350400"
"666",-87.6059789892437,41.8347816840478,"17031351000"
"667",-87.6240909166406,41.827401872055,"17031351400"
"668",-87.6098876060539,41.8268854636887,"17031360200"
"669",-87.5903098441091,41.7621960886217,"17031430400"
"670",-87.5713729896736,41.7644133051231,"17031430600"
"671",-87.5712982628491,41.7607500252934,"17031430800"
"672",-87.5812699508652,41.7643138997965,"17031430500"
"673",-87.5811851433788,41.7606409809363,"17031430900"
"674",-87.6751022007698,41.8161778635405,"17031610300"
"675",-87.6495479446973,41.7760398343872,"17031681000"
"676",-87.6493595479923,41.7687664932791,"17031681100"
"677",-87.6523524361106,41.7905639311794,"17031680500"
"678",-87.9711872851403,42.0745454353067,"17031803400"
"679",-87.9940638311945,42.0739284010772,"17031803500"
"680",-88.0409768850442,42.1298817355428,"17031803604"
"681",-87.6376303581766,41.7764305395333,"17031680900"
"682",-88.0141555045604,42.1173141442001,"17031803607"
"683",-87.6877279296327,42.0464554082001,"17031809500"
"684",-87.6999043780057,42.0447450969895,"17031809600"
"685",-87.6999150739461,42.0374658658341,"17031809700"
"686",-87.6854989674203,42.0375289905984,"17031809800"
"687",-87.6752631352404,42.0376185443795,"17031809900"
"688",-87.6670625851391,42.026153800298,"17031810000"
"689",-87.7170864138321,41.57845829422,"17031825501"
"690",-87.6747355314606,41.7276163835292,"17031720100"
"691",-87.726209615791,41.6399602993748,"17031824400"
"692",-87.6660544886275,41.7130416550733,"17031720200"
"693",-87.6771439265838,41.7139198230085,"17031720300"
"694",-87.68666864103,41.7099918289591,"17031720400"
"695",-87.6891010861153,41.702835308693,"17031720500"
"696",-87.6772069784383,41.7027764054958,"17031720600"
"697",-87.6651388244177,41.7031071190535,"17031720700"
"698",-87.6840180482423,41.9668337813128,"17031040600"
"699",-87.6940777991463,41.9668082068357,"17031040700"
"700",-87.6922870767584,41.963157716862,"17031040800"
"701",-87.8906598833235,41.8867815186567,"17031816900"
"702",-87.8725068474531,41.8873598390641,"17031817000"
"703",-87.8780999295959,41.8762487683564,"17031817101"
"704",-87.8657805737291,41.8771915053688,"17031817102"
"705",-87.5725102524049,41.6344816928078,"17031825801"
"706",-87.5600588554314,41.6263798114531,"17031825802"
"707",-87.5620408198223,41.6192446598189,"17031825803"
"708",-87.5423651326581,41.6216960409365,"17031825900"
"709",-87.5324076652098,41.6239154163568,"17031826000"
"710",-87.6100973877026,41.8202019151551,"17031380100"
"711",-87.6149860624791,41.8205739644693,"17031380200"
"712",-87.5711843396067,41.7553010947376,"17031431200"
"713",-87.5472270697484,41.7596706286423,"17031431400"
"714",-88.0152317939376,42.0829609232964,"17031803902"
"715",-88.0180749881834,42.0727629454199,"17031804000"
"716",-88.1091660507169,42.1047153009673,"17031804104"
"717",-87.6846291067112,42.0302060078686,"17031810100"
"718",-87.6833402055942,42.0228223196682,"17031810200"
"719",-87.7016080921349,42.0253098560335,"17031810301"
"720",-87.6763729824193,41.9578450671025,"17031050100"
"721",-87.6384045653355,41.8127119457866,"17031610800"
"722",-87.6673038547522,41.8049362144946,"17031611300"
"723",-87.6721660648494,41.8048928908159,"17031611400"
"724",-87.6787310102916,41.8053819214989,"17031611500"
"725",-87.6598226390411,41.7977430488274,"17031611900"
"726",-87.638497628812,41.7691892995898,"17031681200"
"727",-87.6947172731156,42.0294129308119,"17031810302"
"728",-87.829438683976,41.9875737200122,"17031810400"
"729",-87.8114749596777,41.9309116340987,"17031810701"
"730",-87.8159950696587,41.9252753158817,"17031810702"
"731",-87.7961002131753,41.9642245903577,"17031810600"
"732",-87.8545257529552,41.8830060994496,"17031817200"
"733",-87.8382560446015,41.8930003341034,"17031817400"
"734",-87.8384434333439,41.8700995721941,"17031817600"
"735",-87.6321805891951,41.754438922548,"17031691200"
"736",-87.6298720719909,41.7617134767076,"17031691100"
"737",-87.6384255720893,41.7251952031602,"17031730100"
"738",-87.6645666831711,41.7274693020702,"17031730300"
"739",-87.6526479336001,41.7178407642721,"17031730400"
"740",-87.8517414549302,41.8717499692895,"17031817700"
"741",-87.8737523554688,41.8511914319024,"17031818100"
"742",-87.5366782745565,41.606557554683,"17031826100"
"743",-87.6064899523591,41.6152861832546,"17031826301"
"744",-87.5914506380992,41.6134138348376,"17031826303"
"745",-87.5825094987154,41.6180621053521,"17031826304"
"746",-87.6381377357146,41.7142653344343,"17031730500"
"747",-87.650485701372,41.7106003037646,"17031730600"
"748",-87.9566552877595,42.0827921862706,"17031802801"
"749",-87.6139991807323,41.8085114182179,"17031381200"
"750",-87.621429758351,41.8076202207344,"17031381400"
"751",-87.6274462774355,41.8055501820502,"17031381700"
"752",-87.6195423801772,41.7437212305347,"17031440300"
"753",-88.1061271940217,42.0544541526252,"17031804706"
"754",-88.1061139615197,42.031027124686,"17031804710"
"755",-87.8209674096378,41.9322898987678,"17031810800"
"756",-87.8100723953954,41.9165283057334,"17031810900"
"757",-87.8197163453621,41.9156680229994,"17031811000"
"758",-87.6525359664854,41.7978466025363,"17031612000"
"759",-87.6476808078536,41.7979127542622,"17031612100"
"760",-87.7180256626215,41.7980175428239,"17031620100"
"761",-87.7292338601362,41.7955214637427,"17031620200"
"762",-87.7304437824152,41.7895025210228,"17031620300"
"763",-87.7181681605053,41.7896381744815,"17031620400"
"764",-87.8259862688266,41.960280690252,"17031810501"
"765",-87.8104591708912,41.9595846559334,"17031810502"
"766",-87.7946856860842,41.9054054851634,"17031812200"
"767",-87.8751418233857,41.8635150748661,"17031818200"
"768",-87.8918595508407,41.8518960402985,"17031818402"
"769",-87.854421321576,41.8271221548134,"17031818800"
"770",-87.866862549768,41.8275854512382,"17031818900"
"771",-87.5900943267688,41.6280650728374,"17031826402"
"772",-87.6230151713242,41.6363516746298,"17031826600"
"773",-87.6335584984723,41.6362110690475,"17031826700"
"774",-87.6644797169505,41.621047298154,"17031826901"
"775",-87.6640081449234,41.6148700412732,"17031826902"
"776",-87.6500792984682,41.703081682033,"17031730700"
"777",-87.6986083404124,41.6972858840843,"17031740100"
"778",-87.7127057105996,41.7047017376475,"17031740200"
"779",-87.7107232635893,41.6950694042808,"17031740300"
"780",-87.7193158418171,41.6872391055494,"17031740400"
"781",-87.9920462889717,42.132241805313,"17031803005"
"782",-87.970673858021,42.1317433071399,"17031803007"
"783",-87.6170157366774,41.8849306102652,"17031320101"
"784",-87.7673434667593,41.5466804836437,"17031829904"
"785",-88.195690744213,42.1166644850026,"17031804204"
"786",-88.200661810734,42.0262542741686,"17031804316"
"787",-88.2333573743512,41.9942270710797,"17031804514"
"788",-87.6234171997548,41.8564795563058,"17031330103"
"789",-87.6229355842373,41.8201510092574,"17031380600"
"790",-87.6239882758356,41.8635720716855,"17031330102"
"791",-87.612471000948,41.8593055942437,"17031330101"
"792",-87.5531841632503,41.7356004988279,"17031460800"
"793",-87.8506827332941,42.0435346613653,"17031806005"
"794",-87.8502225121922,42.0506342018372,"17031806006"
"795",-88.1607071903884,42.0890395659609,"17031804203"
"796",-88.0112152987326,42.1363338239054,"17031803614"
"797",-88.0597519642743,42.1303399777176,"17031803616"
"798",-87.6820288800908,42.0490312111388,"17031809402"
"799",-87.5453918106835,41.5204249462368,"17031828508"
"800",-87.5348992665555,41.5304852767215,"17031828507"
"801",-87.8311612237892,41.567489666046,"17031824126"
"802",-87.7914770511763,41.6163141768233,"17031824508"
"803",-87.7718059871575,41.6187892329375,"17031824509"
"804",-87.8452524769501,41.5716260230312,"17031824127"
"805",-87.8380624482712,41.5858756276459,"17031824125"
"806",-87.8444592000908,41.5955058728678,"17031824124"
"807",-87.875735828413,41.5886673230744,"17031824129"
"808",-87.8680260775821,41.5712240165616,"17031824128"
"809",-87.7228061074712,41.5499962596464,"17031829903"
"810",-88.2401967359892,42.0625192151305,"17031804313"
"811",-88.1999468841902,42.0560222558305,"17031804312"
"812",-87.9013339809316,41.7346003756031,"17031820203"
"813",-87.891712197106,41.759481654348,"17031820204"
"814",-87.6888524091347,41.8012094975802,"17031630600"
"815",-87.6168741760617,41.7249094973864,"17031490200"
"816",-87.6527193558063,41.8048760620699,"17031612200"
"817",-87.71170015935,41.854147339299,"17031844700"
"818",-87.6254437152265,41.8133852457871,"17031844600"
"819",-88.0136718861704,42.1414674261964,"17031803613"
"820",-88.0784517872411,42.1316940749396,"17031803615"
"821",-88.2040102804925,42.0377092889754,"17031804314"
"822",-88.2211419204661,42.020046676029,"17031804512"
"823",-88.1881829967489,42.0200710709694,"17031804315"
"824",-88.2254812116086,42.0085215469056,"17031804513"
"825",-87.6240551789417,41.885038971142,"17031320102"
"826",-87.6689065116054,42.0433666635192,"17031809401"
"827",-87.6546676174322,41.9912696372773,"17031030101"
"828",-87.6579658599198,41.9827452907325,"17031030701"
"829",-87.642605148828,41.9268109762517,"17031070103"
"830",-87.7210786221977,42.044453454699,"17031807100"
"831",-87.7285103305288,42.0371750929287,"17031807200"
"832",-87.7549132909611,42.0337613795571,"17031807300"
"833",-87.7398439261434,42.0281934631414,"17031807400"
"834",-87.728138026284,42.0279578112861,"17031807500"
"835",-87.754219506772,42.0207638563502,"17031807700"
"836",-87.7487797567786,42.0041885644227,"17031807900"
"837",-87.7354064529068,42.0070209250869,"17031808001"
"838",-87.7194386103851,42.0050635926959,"17031808002"
"839",-87.7851411921542,42.033340822322,"17031808301"
"840",-87.7667893022104,42.032281286585,"17031808302"
"841",-87.7856084841596,42.0602334516819,"17031808600"
"842",-87.6718833757044,42.055542092745,"17031808702"
"843",-88.0174933041097,42.024394530092,"17031770202"
"844",-87.9044884682199,42.012394083588,"17031770602"
"845",-87.8789243270524,42.0598854335071,"17031806104"
"846",-87.8977628411547,42.1299533791848,"17031802506"
"847",-87.911180359327,42.1209242056984,"17031802505"
"848",-87.9440326073701,42.147750525755,"17031802404"
"849",-87.9982585102919,42.1191706859098,"17031803017"
"850",-88.0948089282852,42.0631712639913,"17031804714"
"851",-88.2425951857247,42.051998435822,"17031804403"
"852",-88.2532379502167,42.0157618933965,"17031804406"
"853",-88.1141927088746,42.0420218533112,"17031804716"
"854",-87.8897882049256,42.0454459154303,"17031806201"
"855",-87.8542947085265,41.7377491684952,"17031820606"
"856",-88.1957096774191,42.0022072963061,"17031804506"
"857",-87.9003839898457,41.5787233480421,"17031824119"
"858",-87.6687906678759,41.9451690269051,"17031831900"
"859",-87.6540550771384,41.9147491977078,"17031832600"
"860",-87.706136183916,41.8818830856412,"17031836900"
"861",-87.6833419526887,41.8555618464105,"17031841200"
"862",-87.6192918565533,41.8340975440336,"17031839500"
"863",-87.6187191652599,41.8130461765307,"17031835800"
"864",-87.572306287159,41.6834877499404,"17031838800"
"865",-87.6561676711704,41.90240359218,"17031842300"
"866",-87.6429680014722,41.8678934800733,"17031841900"
"867",-87.6635029088363,41.8474705114989,"17031843200"
"868",-87.732021832441,41.8493274245069,"17031843400"
"869",-87.6516951148426,41.8162185660052,"17031842600"
"870",-87.9976754806805,42.0988437424204,"17031803200"
"871",-87.9894768282977,42.0850700960494,"17031803300"
"872",-87.7174710911953,42.0665152147972,"17031808900"
"873",-87.7189140092114,42.0597568808874,"17031809000"
"874",-87.727870838798,41.8395496976567,"17031301803"
"875",-87.8268790480689,41.7498750144865,"17031820604"
"876",-87.8683018539398,41.6266109536136,"17031824116"
"877",-87.8796235085449,41.617317514867,"17031824114"
"878",-87.806012573756,41.6880977773132,"17031823806"
"879",-87.9857304156629,41.6635976014997,"17031824003"
"880",-88.0143839828358,41.6633295552274,"17031824005"
"881",-87.8178543967002,41.5799502053898,"17031824122"
"882",-87.704358803618,42.0593519680065,"17031809100"
"883",-87.6992704621517,42.0525535050753,"17031809200"
"884",-87.6864656630769,42.057952136867,"17031809300"
"885",-87.6207531481999,41.8983354004366,"17031081300"
"886",-87.6321089483988,41.9002654937143,"17031081000"
"887",-87.7208089093413,41.9911040177857,"17031130100"
"888",-87.7815187805753,41.9493527969656,"17031170200"
"889",-87.7968278195678,41.9491247981545,"17031170300"
"890",-87.8127106840118,41.9489080842843,"17031170400"
"891",-87.8288957089487,41.950077933445,"17031170500"
"892",-87.8307016002309,41.941294313138,"17031170600"
"893",-87.8221640153065,41.9414865646118,"17031170700"
"894",-87.8123712681422,41.9415761324697,"17031170800"
"895",-87.7701247954018,41.8909574015156,"17031251400"
"896",-87.7331362444538,41.8842765573356,"17031260300"
"897",-87.7377281686924,41.8766638499711,"17031260500"
"898",-87.7328670293678,41.877107647616,"17031260600"
"899",-87.7279961809577,41.8770565306108,"17031260700"
"900",-87.723096381971,41.877084762351,"17031260800"
"901",-87.6760594960036,41.9450710303017,"17031050700"
"902",-87.6857780029926,41.9449465510548,"17031050900"
"903",-87.68573169854,41.9413024189969,"17031051000"
"904",-87.6808266391404,41.9413651696813,"17031051100"
"905",-87.6759535523644,41.9414224395558,"17031051200"
"906",-87.8116056811811,41.936195839337,"17031170900"
"907",-87.7965237683168,41.9418071959945,"17031171000"
"908",-87.781286502738,41.9420527871837,"17031171100"
"909",-87.7986317105706,41.9344850504871,"17031180100"
"910",-87.7443888689799,41.9352175773601,"17031190100"
"911",-87.6838261883726,41.9159095308609,"17031222200"
"912",-87.6995874215778,41.9156825395743,"17031222500"
"913",-87.7044798106658,41.9156387721713,"17031222600"
"914",-87.7603537700113,41.8911034672631,"17031251500"
"915",-87.7518037202369,41.8914064591548,"17031251600"
"916",-87.7444792692068,41.8913843487098,"17031251700"
"917",-87.7478885066131,41.8841436249677,"17031251800"
"918",-87.7600944734037,41.8838116067184,"17031251900"
"919",-87.7698797931026,41.8836758892141,"17031252000"
"920",-87.7133914563265,41.98655894524,"17031130300"
"921",-87.7516489277848,41.9351136358719,"17031190200"
"922",-87.7614634514062,41.9349863874669,"17031190300"
"923",-87.7513623655844,41.9278185982462,"17031190800"
"924",-87.7233301746345,41.8843707060019,"17031260100"
"925",-87.7282301653356,41.8843243098152,"17031260200"
"926",-87.6179394953401,41.6818522425763,"17031530100"
"927",-87.6471146514454,41.9464901448653,"17031061800"
"928",-87.5679854044925,41.5707107264627,"17031828201"
"929",-87.7390078468622,41.6029093305594,"17031825000"
"930",-87.6992645923069,41.6413219130362,"17031824300"
"931",-87.7449388019243,41.6286651073849,"17031824601"
"932",-87.8984345768998,41.8407438929844,"17031818500"
"933",-87.6965048151153,41.6651703265543,"17031823400"
"934",-87.6365945908149,41.651377149989,"17031821500"
"935",-87.5942650641846,41.8016708651768,"17031410200"
"936",-87.7200743987053,41.9155643534776,"17031222900"
"937",-87.6945341614458,41.907968590509,"17031241000"
"938",-87.778027645793,41.5654040183357,"17031825400"
"939",-87.6921427256154,41.5178810654339,"17031830005"
"940",-87.7686415110796,41.6080768053567,"17031824505"
"941",-87.6852636578945,41.6244574710288,"17031824800"
"942",-88.0774121362449,42.1447310440436,"17031803608"
"943",-87.7441048270276,41.9279225484265,"17031190900"
"944",-87.7608269379856,41.9201431843137,"17031191200"
"945",-87.7376226114251,41.9350552191027,"17031200100"
"946",-87.735628239634,41.9278522567396,"17031200200"
"947",-87.7341263818319,41.9234806176779,"17031200300"
"948",-87.7102057641406,41.9155008952489,"17031222700"
"949",-87.7043654760252,41.9120080184471,"17031230100"
"950",-87.7100843847471,41.9118687732656,"17031230200"
"951",-87.7149883658682,41.9117865788056,"17031230300"
"952",-87.7215519374638,41.9118202178049,"17031230400"
"953",-87.7339433811938,41.9116892430254,"17031230500"
"954",-87.6141894255351,41.8277540202268,"17031351100"
"955",-87.6384956518619,41.5924802647945,"17031827500"
"956",-87.7224577082201,42.0214423397579,"17031807600"
"957",-87.5647849293295,41.6049295963201,"17031826201"
"958",-87.7841873404949,41.7069647694766,"17031823001"
"959",-87.9447433076372,42.0080062708539,"17031770500"
"960",-87.8503092918331,41.7755434581814,"17031820202"
"961",-87.6719761796932,41.7975991177207,"17031611700"
"962",-87.880824252396,41.8090438831786,"17031819700"
"963",-87.7219392987247,41.8474250869734,"17031300500"
"964",-87.8183946795183,41.8615596957745,"17031816100"
"965",-87.8461151888137,41.8335498199782,"17031818700"
"966",-87.8478480643632,41.8840811954199,"17031817300"
"967",-87.6228619243844,41.8101927137145,"17031381500"
"968",-87.6084261249837,41.7831002242684,"17031420500"
"969",-87.8686703854773,41.9413776444207,"17031811500"
"970",-87.626227365845,41.8925554780881,"17031081500"
"971",-87.628873767377,41.892106064514,"17031081600"
"972",-87.6318681450044,41.8920667784974,"17031081700"
"973",-87.6378004817017,41.8932682772142,"17031081800"
"974",-87.6414870355095,41.8979900457637,"17031081900"
"975",-87.7150953205,41.9154348657672,"17031222800"
"976",-87.6809279430309,41.9450094682671,"17031050800"
"977",-87.7013308961474,41.9428681051598,"17031210100"
"978",-87.7303056945912,41.9357449731651,"17031210400"
"979",-87.7215396882354,41.9063229391997,"17031230700"
"980",-87.7149529786988,41.9058395567328,"17031230800"
"981",-87.7103504771998,41.9066917742816,"17031230900"
"982",-87.702750671098,41.6814295690221,"17031823304"
"983",-87.8048059827071,41.7538581678981,"17031820502"
"984",-87.7745229380172,41.7628984452307,"17031820901"
"985",-87.5640314956576,41.6533826018673,"17031550200"
"986",-87.7538184879599,41.6759468972326,"17031823200"
"987",-87.7532158916105,41.6991418252977,"17031822602"
"988",-87.6764043721108,41.7865780126949,"17031670500"
"989",-87.8771020377668,41.7821533287447,"17031820104"
"990",-87.7730128156931,41.8183003810181,"17031820700"
"991",-87.6866436005179,41.8102197076828,"17031580800"
"992",-87.906437914194,41.9141121172247,"17031811800"
"993",-87.9893469222869,42.0182920909231,"17031770300"
"994",-87.9760986650979,42.0550728391262,"17031805109"
"995",-88.0539871366657,42.0537152934545,"17031804603"
"996",-87.7339985659686,41.9061549498637,"17031230600"
"997",-87.6796003334569,41.8995064859615,"17031242300"
"998",-87.674718762405,41.8995893073305,"17031242200"
"999",-87.6530178887672,41.9581538287453,"17031032100"
"1000",-87.6120750140503,41.5699744345577,"17031828300"
"1001",-87.6977124567163,41.6095020147826,"17031824900"
"1002",-87.6081611829127,41.6012261559227,"17031827801"
"1003",-87.8138845795872,42.1404168226349,"17031801500"
"1004",-87.8665605360061,42.0484207758128,"17031806002"
"1005",-87.9029937522711,41.9421289050534,"17031811701"
"1006",-87.8267817845608,41.6970219794299,"17031823803"
"1007",-87.7758059558889,41.8065271615809,"17031820800"
"1008",-87.7075818013539,41.848110803464,"17031300800"
"1009",-87.6404713707853,41.9506904325978,"17031060900"
"1010",-87.6519702802032,41.9492205537393,"17031061000"
"1011",-87.7038400805784,41.9357028592047,"17031210700"
"1012",-87.8358232728005,41.880293032877,"17031817500"
"1013",-87.8987751924088,41.8772723754802,"17031818300"
"1014",-87.6922158595223,41.8576415047697,"17031291600"
"1015",-87.6183210523695,41.7911261406949,"17031400400"
"1016",-87.8811115290259,41.8981681217737,"17031816500"
"1017",-87.8510298946554,42.0029704762107,"17031805701"
"1018",-88.0881175069285,41.999562525732,"17031804803"
"1019",-87.750976331469,41.9196292698744,"17031191100"
"1020",-88.0963711913981,42.0799943130062,"17031804105"
"1021",-87.7750065364808,42.0019817151119,"17031120100"
"1022",-88.1185693635883,42.0562765364106,"17031804705"
"1023",-88.0953704385372,42.1203620563362,"17031803603"
"1024",-87.9032324343905,41.7762928424575,"17031820101"
"1025",-87.6624413674358,41.8049939257439,"17031611200"
"1026",-87.7026992699157,41.8481795894412,"17031300900"
"1027",-87.6568034924447,41.949139752616,"17031061100"
"1028",-87.6615446964802,41.9452817587213,"17031061500"
"1029",-87.6470785733484,41.9425768520415,"17031062000"
"1030",-87.6517703737018,41.9426914401607,"17031062100"
"1031",-87.656643988237,41.9425846526791,"17031062200"
"1032",-87.572140418763,41.5872064048066,"17031827901"
"1033",-87.6353891719846,41.4843253624821,"17031829500"
"1034",-87.8130960606604,42.0055940394583,"17031090200"
"1035",-87.8135872244557,42.0152552266151,"17031090100"
"1036",-87.6294933009822,41.4966068546505,"17031829100"
"1037",-87.7802641673589,41.6378409994165,"17031824503"
"1038",-87.824896106198,41.6178272173149,"17031824106"
"1039",-87.8808194898686,41.6883060331817,"17031823801"
"1040",-87.8307027639829,42.106879143646,"17031801608"
"1041",-87.8699452738017,42.0350401328013,"17031805901"
"1042",-87.5939127797453,41.6388204113382,"17031826401"
"1043",-87.7380411256072,41.8842145248545,"17031260400"
"1044",-87.6277308645075,41.8272402336057,"17031351500"
"1045",-87.8453738452908,41.9222260388396,"17031811200"
"1046",-87.8664226476496,41.9633196395798,"17031770800"
"1047",-88.0768679561634,42.0946762847318,"17031804102"
"1048",-87.9129491439729,42.0971259531994,"17031802605"
"1049",-88.0354428291425,42.1090259466601,"17031803800"
"1050",-87.698933352426,41.9357454984495,"17031210800"
"1051",-87.6933365609666,41.9354390568612,"17031210900"
"1052",-88.0191999735684,42.0978017962035,"17031803901"
"1053",-87.8630230407805,42.1452894327522,"17031801601"
"1054",-87.7527613910895,42.0735094486771,"17031800900"
"1055",-88.1625863887793,42.0336644751445,"17031804305"
"1056",-87.6291048639365,41.9002211118747,"17031081100"
"1057",-87.6846857490155,41.9067070031017,"17031241200"
"1058",-87.6711072515623,41.9414880176236,"17031062500"
"1059",-87.670984259797,41.9359751419495,"17031062600"
"1060",-87.6661103185268,41.93608622427,"17031062700"
"1061",-87.6612647946625,41.9361586380057,"17031062800"
"1062",-87.6564112571126,41.9362369817231,"17031062900"
"1063",-87.6515617306823,41.9363102413514,"17031063000"
"1064",-87.6662881641834,41.9415555510522,"17031062400"
"1065",-87.6467798824796,41.9382319314033,"17031063100"
"1066",-87.6346432738556,41.9391656137308,"17031063200"
"1067",-87.6467300124915,41.9346595732905,"17031063400"
"1068",-87.8163644414205,41.9991127126942,"17031090300"
"1069",-87.7830135645548,41.9895839498002,"17031100100"
"1070",-87.8042597307723,41.9887330328434,"17031100300"
"1071",-87.705794120914,41.9710844024935,"17031140100"
"1072",-87.7130042968308,41.9706948940772,"17031140200"
"1073",-87.7389429256308,41.9715370720976,"17031140400"
"1074",-87.7318318847338,41.9653618913465,"17031140500"
"1075",-87.7592932920442,42.0945848796668,"17031800800"
"1076",-87.6993742369121,41.8974253943944,"17031242700"
"1077",-87.646292980546,41.9290777467873,"17031070200"
"1078",-87.6513102967138,41.9290462330781,"17031070300"
"1079",-87.6561563139215,41.9289672074211,"17031070400"
"1080",-87.6608922077225,41.9289454611177,"17031070500"
"1081",-87.6656766144271,41.9287627201615,"17031070600"
"1082",-87.6738022206644,41.9292624287153,"17031070700"
"1083",-87.8180410853119,41.9889687183914,"17031100400"
"1084",-87.7974007345285,41.9792048929196,"17031100600"
"1085",-87.7976295307557,41.9721235348705,"17031100700"
"1086",-87.7734441734858,41.9800698983252,"17031110200"
"1087",-87.7215650632741,41.9261554084239,"17031220701"
"1088",-87.6398539922718,41.934764662135,"17031063302"
"1089",-87.7521051129227,41.876695809538,"17031252201"
"1090",-87.6983926273211,41.7835956825475,"17031660302"
"1091",-87.6982872378971,41.7799540794355,"17031660301"
"1092",-87.6485424611942,41.7264299271064,"17031730202"
"1093",-87.7446671963427,41.862274369632,"17031813302"
"1094",-87.7465072674213,41.8551810541619,"17031813702"
"1095",-87.7544155649517,41.8621601865562,"17031813301"
"1096",-87.9531257625801,42.1418701139374,"17031802403"
"1097",-87.9865230203206,42.1208172241356,"17031803016"
"1098",-88.0525588631325,42.1190705341064,"17031803701"
"1099",-88.0507851880687,42.0749485020626,"17031804108"
"1100",-88.0977016610565,42.0450230955914,"17031804715"
"1101",-87.6322015732639,41.8018344566682,"17031835600"
"1102",-87.638405333796,41.8314369198462,"17031840000"
"1103",-87.5958325121975,41.8211751535979,"17031836400"
"1104",-87.6186826412116,41.7998051790986,"17031836100"
"1105",-87.6343057455285,41.7872463222685,"17031834600"
"1106",-87.6089488196257,41.8067653092793,"17031843600"
"1107",-87.6357084232791,41.9449289469663,"17031061902"
"1108",-87.655131905641,41.9933967018649,"17031030102"
"1109",-87.6546953818316,41.9953804607799,"17031030103"
"1110",-87.6515382565124,41.9802193699432,"17031030706"
"1111",-87.65493589315,41.9889077004412,"17031030601"
"1112",-87.6218050390184,41.9061407194438,"17031081202"
"1113",-87.6346612986869,41.9347311524055,"17031063303"
"1114",-87.721248280129,41.9191816423291,"17031220901"
"1115",-87.7125719802776,41.9341629879896,"17031210602"
"1116",-87.7120859865068,41.9293960434375,"17031220602"
"1117",-87.7128836338229,41.9258252344429,"17031220601"
"1118",-87.6860816043436,41.972066683004,"17031040401"
"1119",-87.74458323042,41.8767584070859,"17031252202"
"1120",-87.7598275677592,41.8765989736537,"17031252102"
"1121",-87.9087421166764,42.0291453053192,"17031770601"
"1122",-87.9118137134731,42.0588333646272,"17031806103"
"1123",-87.895488734985,42.0976998781661,"17031802610"
"1124",-87.8996708871321,42.1053602668536,"17031802609"
"1125",-88.0526009695974,42.0222276401782,"17031804610"
"1126",-88.0173673822359,41.9979683308905,"17031770201"
"1127",-88.152698958299,42.0239204252539,"17031804308"
"1128",-87.8304570478001,41.7380570524248,"17031820605"
"1129",-87.6017584852581,41.8015323619434,"17031836300"
"1130",-87.6247358881561,41.7880822546112,"17031834500"
"1131",-87.611684350572,41.8140035642695,"17031836000"
"1132",-87.6012849134023,41.7904693472862,"17031836200"
"1133",-87.5963029764116,41.776950420246,"17031834400"
"1134",-87.5917880273294,41.7458347975099,"17031834300"
"1135",-87.6325582106348,41.930463991669,"17031070101"
"1136",-87.7619249172397,41.9770023308303,"17031110501"
"1137",-87.6556425498709,41.9972772170376,"17031030104"
"1138",-87.6197175372964,41.8950346568894,"17031081401"
"1139",-87.5616154522908,41.7693907176512,"17031430102"
"1140",-87.8361806101575,41.9700602138622,"17031770902"
"1141",-87.8275416852316,41.5918128347108,"17031824121"
"1142",-87.5739530125389,41.7698531823979,"17031430101"
"1143",-88.0367314223302,42.0754963154326,"17031804109"
"1144",-88.0677830579365,42.0188277543491,"17031804611"
"1145",-87.9468136307567,41.6833993893458,"17031824004"
"1146",-87.9520603843039,41.6529164863096,"17031824006"
"1147",-87.7695843955845,41.8755024761708,"17031252101"
"1148",-87.6639582676646,42.0094119350818,"17031010501"
"1149",-87.7036896705006,41.986891517715,"17031020701"
"1150",-87.6801484249262,42.0160076735958,"17031010201"
"1151",-87.8456410821218,42.0795988122851,"17031802003"
"1152",-87.9718934901828,42.1430920458916,"17031803013"
"1153",-87.9488887704852,42.1009482324275,"17031802608"
"1154",-87.9496249151125,42.1164127748136,"17031803015"
"1155",-87.9319108470278,42.1170204760425,"17031803014"
"1156",-87.6838544295973,41.9631846751474,"17031040900"
"1157",-87.6837167758424,41.9577405303074,"17031050200"
"1158",-87.8654966676114,41.8402409525572,"17031818600"
"1159",-88.1199897057615,42.0103800778894,"17031804807"
"1160",-87.787766302926,42.114918506327,"17031801800"
"1161",-87.724088163739,42.1094225369139,"17031800400"
"1162",-87.6410717206097,41.9128666341257,"17031071700"
"1163",-87.6706209274777,41.9670114285523,"17031031800"
"1164",-87.8955075984684,41.8262827997088,"17031819000"
"1165",-87.8187312045608,41.6606403039421,"17031823903"
"1166",-87.811075414794,41.8367112953587,"17031815701"
"1167",-87.8722006766038,41.9511884324254,"17031811600"
"1168",-87.9690168888722,42.0971614015203,"17031802900"
"1169",-87.6631954285413,41.96544656895,"17031031700"
"1170",-87.6674491250712,41.8103984471556,"17031610400"
"1171",-87.6761823671097,41.9505476970178,"17031050600"
"1172",-87.6835072764176,41.9504473978586,"17031050500"
"1173",-87.8050068609467,41.6572624557447,"17031823904"
"1174",-87.8731204077092,41.7945224999623,"17031820103"
"1175",-87.8632959926536,42.018830065674,"17031805801"
"1176",-87.6411822848797,41.9164721589149,"17031071600"
"1177",-87.5609308536039,41.543216743893,"17031828505"
"1178",-87.7288282586813,41.5162117807367,"17031830004"
"1179",-87.5595864533242,41.5030816778613,"17031828503"
"1180",-87.8320839012884,42.0732542159939,"17031802002"
"1181",-87.5363658226413,41.5931657644871,"17031826202"
"1182",-87.6762288563137,41.7737920604524,"17031671400"
"1183",-87.8670200486677,42.1315894375562,"17031801605"
"1184",-87.7425824204708,42.0847061859328,"17031800700"
"1185",-87.6614431697021,41.9416277683298,"17031062300"
"1186",-87.7789129635799,41.6858426336766,"17031823102"
"1187",-87.698781097912,41.7972544940784,"17031630400"
"1188",-87.9031250150167,41.8614166617024,"17031818401"
"1189",-87.7278726748259,41.6975607957836,"17031822802"
"1190",-87.5449774126619,41.5847309261891,"17031827902"
"1191",-87.7266590600206,41.5382178666868,"17031829902"
"1192",-87.6698301394093,42.0212552661389,"17031010100"
"1193",-87.6521652429912,41.7832810820176,"17031680600"
"1194",-87.9815649704101,42.1503686442579,"17031803010"
"1195",-88.1751552262292,41.9936149218529,"17031804505"
"1196",-88.0466406207793,42.009322805172,"17031804606"
"1197",-88.127560542493,42.0358352173558,"17031804712"
"1198",-87.7637293887694,42.0151568678711,"17031807800"
"1199",-87.7938582794527,42.0487379736683,"17031808400"
"1200",-87.834415243354,41.927077248343,"17031811100"
"1201",-87.6649358701455,41.987225987527,"17031030500"
"1202",-87.821084922885,41.7613076395011,"17031820501"
"1203",-87.7976272171712,41.8614518755444,"17031814700"
"1204",-87.8135603489963,41.8150567612562,"17031819100"
"1205",-87.6617452114075,41.5342761905757,"17031828801"
"1206",-87.4002940938202,41.9739348306776,"17031990000"
"1207",-87.6841981915752,42.0013128726445,"17031020500"
"1208",-87.75241311835,41.9606746865487,"17031150200"
"1209",-87.7622859337211,41.9605178540973,"17031150300"
"1210",-87.7027641434762,41.9644950749146,"17031140800"
"1211",-87.7213153419942,41.8990613655687,"17031231200"
"1212",-87.715068365679,41.8992541877499,"17031231100"
"1213",-87.6844900043376,41.8994218897449,"17031242400"
"1214",-87.68931909966,41.8994454702932,"17031242500"
"1215",-87.7576107802877,41.9945318475778,"17031120200"
"1216",-87.7400659927345,41.9911122138664,"17031120300"
"1217",-87.7521623616984,41.9772354340407,"17031120400"
"1218",-87.7186524973983,41.8917357227113,"17031231500"
"1219",-87.6510613994646,41.9217777618383,"17031071100"
"1220",-87.6559114087943,41.921701114661,"17031071000"
"1221",-87.6462106415236,41.9218547154406,"17031071200"
"1222",-87.6414577555123,41.9217793724764,"17031071300"
"1223",-87.7832348521653,41.9752906711464,"17031110300"
"1224",-87.695086348675,41.9284646552214,"17031220300"
"1225",-87.699968369314,41.9284314470675,"17031220400"
"1226",-87.7049877071607,41.928334334693,"17031220500"
"1227",-87.6750677020622,41.9123692995851,"17031240300"
"1228",-87.683626715041,41.9119683086012,"17031240500"
"1229",-87.6665364228951,41.9506731428746,"17031060400"
"1230",-87.6605008337231,41.9527199708315,"17031060500"
"1231",-87.6994876384948,41.9120483494148,"17031240800"
"1232",-87.6897111484523,41.912134141535,"17031240600"
"1233",-87.694598636675,41.9120877719763,"17031240700"
"1234",-87.7018866748073,41.9047160665624,"17031240900"
"1235",-87.6941970004124,41.9005600138797,"17031242600"
"1236",-87.9864133473485,42.1003925153486,"17031803100"
"1237",-87.6595637394401,41.8563330190637,"17031310600"
"1238",-87.6649061148357,41.8559902742591,"17031310700"
"1239",-87.6685737433125,41.8559336613602,"17031310800"
"1240",-87.6936372806461,42.0013155684787,"17031020602"
"1241",-87.6746740986453,41.8557716067208,"17031310900"
"1242",-87.5498904744184,41.7131024204102,"17031510100"
"1243",-87.560049474475,41.7142650982355,"17031510200"
"1244",-87.7719098614248,41.7888698275476,"17031561100"
"1245",-87.761421669639,41.9297959332217,"17031190701"
"1246",-87.6860783719931,41.99422672778,"17031020901"
"1247",-87.6733256444346,42.016047566653,"17031010202"
"1248",-87.7189132219094,41.8162002906449,"17031570100"
"1249",-87.7307182818783,41.8143798992941,"17031570200"
"1250",-87.7307909123505,41.8041448612397,"17031570300"
"1251",-87.719130451506,41.8049920812986,"17031570400"
"1252",-87.7324552743417,41.7986015194624,"17031570500"
"1253",-87.6202038686032,41.7692589743092,"17031690400"
"1254",-87.6198471525186,41.7546810594043,"17031691300"
"1255",-87.6101685223402,41.7548454556987,"17031691400"
"1256",-87.6002666006876,41.7550527847446,"17031691500"
"1257",-87.6173616586279,41.8777065516937,"17031320400"
"1258",-87.6907463014967,41.8280549131066,"17031580100"
"1259",-87.6993477652499,41.8267717970143,"17031580200"
"1260",-87.7089339925927,41.8251875821614,"17031580300"
"1261",-87.7091844506189,41.8152752518442,"17031580400"
"1262",-87.6920314417492,41.817397805211,"17031580600"
"1263",-87.6868459269222,41.8174935074131,"17031580700"
"1264",-87.6398423460516,41.7611806493059,"17031681300"
"1265",-87.6491705663992,41.7615223220733,"17031681400"
"1266",-87.6290093040735,41.768669343619,"17031690300"
"1267",-87.6121030792811,41.7681794191902,"17031690500"
"1268",-87.6103447053815,41.7621424195868,"17031690900"
"1269",-87.6200150684009,41.7619654180047,"17031691000"
"1270",-87.6953090786281,41.7535934709431,"17031700100"
"1271",-87.7237840474999,41.7529893307795,"17031700200"
"1272",-87.6168810424602,41.8711387881814,"17031320600"
"1273",-87.6305314979983,41.8613456224939,"17031330200"
"1274",-87.679904178803,41.8266640857569,"17031590500"
"1275",-87.6729244092305,41.8268331830033,"17031590600"
"1276",-87.6665822521401,41.7766992496662,"17031671200"
"1277",-87.661715937668,41.7767770581327,"17031671100"
"1278",-87.6713493239081,41.7739014543507,"17031671300"
"1279",-87.6696315235474,41.7681722322875,"17031671500"
"1280",-87.6615113381939,41.7694998957885,"17031671600"
"1281",-87.6564480740384,41.7614009721434,"17031671800"
"1282",-87.6612802421471,41.7613255885389,"17031671900"
"1283",-87.6419713124296,41.7533917632634,"17031710100"
"1284",-87.6514252401246,41.7551131110273,"17031710200"
"1285",-87.6709327599322,41.7539183851208,"17031710400"
"1286",-87.6707874181154,41.7475315720183,"17031710500"
"1287",-87.660943358413,41.7476600371044,"17031710600"
"1288",-87.6488125960286,41.7478366449972,"17031710800"
"1289",-87.6357881896527,41.8428045607982,"17031340300"
"1290",-87.63291693306,41.8345181262133,"17031340500"
"1291",-87.6326516091124,41.8272864122639,"17031340600"
"1292",-87.5813508683234,41.7697612485572,"17031430200"
"1293",-87.5893601205388,41.7697163431014,"17031430300"
"1294",-87.5749771103296,41.7157372465941,"17031510300"
"1295",-87.5304857892958,41.7202983200288,"17031520100"
"1296",-87.6637641442103,41.8268067195704,"17031590700"
"1297",-87.6439321715759,41.8417182980271,"17031600400"
"1298",-87.8432477920652,41.6239236721445,"17031824115"
"1299",-87.7858574053724,41.5816302164519,"17031825303"
"1300",-87.7228759000863,41.4816119981667,"17031830007"
"1301",-87.7434593851284,41.8503452234562,"17031813801"
"1302",-87.6735737808368,42.0016979851201,"17031830600"
"1303",-87.6765774932684,41.9651412644941,"17031830800"
"1304",-87.6853727572894,41.9286297001632,"17031830900"
"1305",-87.7452866042808,41.7966436485432,"17031835200"
"1306",-87.6486046902887,41.8271069558087,"17031839900"
"1307",-87.652181655498,41.8330953485133,"17031839700"
"1308",-87.6431623352516,41.835067373552,"17031839800"
"1309",-87.6450882527474,41.7836336065862,"17031834800"
"1310",-87.654298189859,41.9462941051188,"17031832000"
"1311",-87.6641160686233,41.9218839216768,"17031832500"
"1312",-87.6714478972197,41.9192102735645,"17031832300"
"1313",-87.6384038627447,41.9015665282139,"17031838300"
"1314",-87.7164874127998,41.9782237952729,"17031831800"
"1315",-87.745254549962,41.9526537209058,"17031831700"
"1316",-87.6862479179057,41.7901579163702,"17031835100"
"1317",-87.6860492268841,41.7828494931028,"17031835000"
"1318",-87.6908020680349,41.9448490613732,"17031843700"
"1319",-87.7242313440314,41.9293687093284,"17031220702"
"1320",-87.7336103175753,41.8952784631107,"17031842100"
"1321",-87.6925502582257,41.8637637478931,"17031843300"
"1322",-87.657341013744,41.9727091820438,"17031031200"
"1323",-87.8448494714366,41.983486674326,"17031760801"
"1324",-87.6314011546269,41.871043549231,"17031839000"
"1325",-87.6100738681232,41.7482097369828,"17031440201"
"1326",-87.5997919739815,41.6502201713752,"17031540101"
"1327",-87.8537257829389,42.0693032155533,"17031802004"
"1328",-87.691518552462,41.9576780403143,"17031050300"
"1329",-87.6591665980729,41.9609793633103,"17031830700"
"1330",-87.645033368174,41.7906902708847,"17031834700"
"1331",-87.8035463392799,41.59122877918,"17031824123"
"1332",-88.2429902844392,42.0347679567916,"17031804405"
